"RK",TIERS,"PLAYER NAME",TEAM,"POS","BYE","UPSIDE ","BUST ","SOS","ECR VS ADP"
"1",1,"Ja'Marr Chase",CIN,"WR1","6","Coach Upside rating","Coach Bust rating","4 out of 5 stars","+2"
"2",1,"Bijan Robinson",ATL,"RB1","11","Coach Upside rating","Coach Bust rating","2 out of 5 stars","0"
"3",1,"Puka Nacua",LAR,"WR2","11","Coach Upside rating","Coach Bust rating","1 out of 5 stars","+1"
"4",1,"Jaxon Smith-Njigba",SEA,"WR3","11","Coach Upside rating","Coach Bust rating","3 out of 5 stars","+1"
"5",1,"Jahmyr Gibbs",DET,"RB2","6","Coach Upside rating","Coach Bust rating","5 out of 5 stars","-4"
"6",2,"Amon-Ra St. Brown",DET,"WR4","6","Coach Upside rating","Coach Bust rating","4 out of 5 stars","+1"
"7",2,"CeeDee Lamb",DAL,"WR5","14","Coach Upside rating","Coach Bust rating","2 out of 5 stars","+5"
"8",2,"Christian McCaffrey",SF,"RB3","8","Coach Upside rating","Coach Bust rating","2 out of 5 stars","-2"
"9",2,"Justin Jefferson",MIN,"WR6","6","Coach Upside rating","Coach Bust rating","5 out of 5 stars","+1"
"10",2,"Jonathan Taylor",IND,"RB4","13","Coach Upside rating","Coach Bust rating","4 out of 5 stars","-2"
"11",2,"Drake London",ATL,"WR7","11","Coach Upside rating","Coach Bust rating","3 out of 5 stars","+7"
"12",3,"Nico Collins",HOU,"WR8","8","Coach Upside rating","Coach Bust rating","3 out of 5 stars","+11"
"13",3,"De'Von Achane",MIA,"RB5","6","Coach Upside rating","Coach Bust rating","3 out of 5 stars","+3"
"14",3,"Ashton Jeanty",LV,"RB6","13","Coach Upside rating","Coach Bust rating","2 out of 5 stars","-5"
"15",3,"A.J. Brown",NE,"WR9","11","Coach Upside rating","Coach Bust rating","2 out of 5 stars","+6"
"16",3,"George Pickens",DAL,"WR10","14","Coach Upside rating","Coach Bust rating","2 out of 5 stars","+8"
"17",3,"Trey McBride",ARI,"TE1","14","Coach Upside rating","Coach Bust rating","2 out of 5 stars","+5"
"18",3,"Chris Olave",NO,"WR11","8","Coach Upside rating","Coach Bust rating","3 out of 5 stars","+11"
"19",3,"James Cook III",BUF,"RB7","7","Coach Upside rating","Coach Bust rating","2 out of 5 stars","-8"
"20",3,"Chase Brown",CIN,"RB8","6","Coach Upside rating","Coach Bust rating","2 out of 5 stars","-6"
"21",3,"Brock Bowers",LV,"TE2","13","Coach Upside rating","Coach Bust rating","3 out of 5 stars","-2"
"22",4,"Rashee Rice",KC,"WR12","5","Coach Upside rating","Coach Bust rating","2 out of 5 stars","+4"
"23",4,"Josh Allen",BUF,"QB1","7","Coach Upside rating","Coach Bust rating","3 out of 5 stars","+5"
"24",4,"Omarion Hampton",LAC,"RB9","7","Coach Upside rating","Coach Bust rating","3 out of 5 stars","-9"
"25",4,"Tetairoa McMillan",CAR,"WR13","5","Coach Upside rating","Coach Bust rating","2 out of 5 stars","+14"
"26",4,"DeVonta Smith",PHI,"WR14","10","Coach Upside rating","Coach Bust rating","4 out of 5 stars","+4"
"27",4,"Malik Nabers",NYG,"WR15","8","Coach Upside rating","Coach Bust rating","4 out of 5 stars","+6"
"28",4,"Saquon Barkley",PHI,"RB10","10","Coach Upside rating","Coach Bust rating","4 out of 5 stars","-15"
"29",4,"Garrett Wilson",NYJ,"WR16","13","Coach Upside rating","Coach Bust rating","4 out of 5 stars","+7"
"30",4,"Kenneth Walker III",KC,"RB11","5","Coach Upside rating","Coach Bust rating","3 out of 5 stars","-13"
"31",4,"Drake Maye",NE,"QB2","11","Coach Upside rating","Coach Bust rating","2 out of 5 stars","+30"
"32",4,"Lamar Jackson",BAL,"QB3","13","Coach Upside rating","Coach Bust rating","3 out of 5 stars","+17"
"33",4,"Tee Higgins",CIN,"WR17","6","Coach Upside rating","Coach Bust rating","4 out of 5 stars","+4"
"34",4,"Ladd McConkey",LAC,"WR18","7","Coach Upside rating","Coach Bust rating","2 out of 5 stars","+4"
"35",4,"Zay Flowers",BAL,"WR19","13","Coach Upside rating","Coach Bust rating","4 out of 5 stars","-3"
"36",5,"Jeremiyah Love",ARI,"RB12","14","Coach Upside rating","Coach Bust rating","2 out of 5 stars","-11"
"37",5,"Colston Loveland",CHI,"TE3","10","Coach Upside rating","Coach Bust rating","2 out of 5 stars","+5"
"38",5,"Derrick Henry",BAL,"RB13","13","Coach Upside rating","Coach Bust rating","3 out of 5 stars","-18"
"39",5,"Jaylen Waddle",DEN,"WR20","10","Coach Upside rating","Coach Bust rating","2 out of 5 stars","+7"
"40",5,"Breece Hall",NYJ,"RB14","13","Coach Upside rating","Coach Bust rating","3 out of 5 stars","-13"
"41",5,"Terry McLaurin",WAS,"WR21","7","Coach Upside rating","Coach Bust rating","2 out of 5 stars","+3"
"42",5,"Kyren Williams",LAR,"RB15","11","Coach Upside rating","Coach Bust rating","5 out of 5 stars","-11"
"43",5,"Emeka Egbuka",TB,"WR22","10","Coach Upside rating","Coach Bust rating","4 out of 5 stars","-3"
"44",5,"Luther Burden III",CHI,"WR23","10","Coach Upside rating","Coach Bust rating","3 out of 5 stars","-1"
"45",5,"Joe Burrow",CIN,"QB4","6","Coach Upside rating","Coach Bust rating","3 out of 5 stars","+14"
"46",5,"Josh Jacobs",GB,"RB16","11","Coach Upside rating","Coach Bust rating","4 out of 5 stars","-5"
"47",5,"Travis Etienne Jr.",NO,"RB17","8","Coach Upside rating","Coach Bust rating","3 out of 5 stars","-13"
"48",5,"Javonte Williams",DAL,"RB18","14","Coach Upside rating","Coach Bust rating","4 out of 5 stars","-13"
"49",5,"Davante Adams",LAR,"WR24","11","Coach Upside rating","Coach Bust rating","1 out of 5 stars","-2"
"50",5,"Mike Evans",SF,"WR25","8","Coach Upside rating","Coach Bust rating","2 out of 5 stars","+5"
"51",5,"Jameson Williams",DET,"WR26","6","Coach Upside rating","Coach Bust rating","4 out of 5 stars","0"
"52",6,"DJ Moore",BUF,"WR27","7","Coach Upside rating","Coach Bust rating","4 out of 5 stars","+1"
"53",6,"Tyler Warren",IND,"TE4","13","Coach Upside rating","Coach Bust rating","3 out of 5 stars","+10"
"54",6,"Jayden Daniels",WAS,"QB5","7","Coach Upside rating","Coach Bust rating","2 out of 5 stars","+11"
"55",6,"Cam Skattebo",NYG,"RB19","8","Coach Upside rating","Coach Bust rating","4 out of 5 stars","-10"
"56",6,"Christian Watson",GB,"WR28","11","Coach Upside rating","Coach Bust rating","5 out of 5 stars","+1"
"57",6,"Jalen Hurts",PHI,"QB6","10","Coach Upside rating","Coach Bust rating","5 out of 5 stars","+17"
"58",6,"Bucky Irving",TB,"RB20","10","Coach Upside rating","Coach Bust rating","2 out of 5 stars","0"
"59",6,"Quinshon Judkins",CLE,"RB21","11","Coach Upside rating","Coach Bust rating","3 out of 5 stars","-5"
"60",6,"TreVeyon Henderson",NE,"RB22","11","Coach Upside rating","Coach Bust rating","2 out of 5 stars","-8"
"61",6,"Rome Odunze",CHI,"WR29","10","Coach Upside rating","Coach Bust rating","3 out of 5 stars","-1"
"62",6,"Carnell Tate",TEN,"WR30","9","Coach Upside rating","Coach Bust rating","3 out of 5 stars","0"
"63",6,"D'Andre Swift",CHI,"RB23","10","Coach Upside rating","Coach Bust rating","2 out of 5 stars","-13"
"64",6,"Jaylen Warren",PIT,"RB24","9","Coach Upside rating","Coach Bust rating","2 out of 5 stars","+6"
"65",6,"Caleb Williams",CHI,"QB7","10","Coach Upside rating","Coach Bust rating","3 out of 5 stars","+4"
"66",6,"David Montgomery",HOU,"RB25","8","Coach Upside rating","Coach Bust rating","4 out of 5 stars","-18"
"67",6,"Marvin Harrison Jr.",ARI,"WR31","14","Coach Upside rating","Coach Bust rating","2 out of 5 stars","0"
"68",6,"Justin Herbert",LAC,"QB8","7","Coach Upside rating","Coach Bust rating","2 out of 5 stars","+8"
"69",6,"Tucker Kraft",GB,"TE5","11","Coach Upside rating","Coach Bust rating","2 out of 5 stars","+14"
"70",7,"Harold Fannin Jr.",CLE,"TE6","11","Coach Upside rating","Coach Bust rating","3 out of 5 stars","+27"
"71",7,"Alec Pierce",IND,"WR32","13","Coach Upside rating","Coach Bust rating","4 out of 5 stars","+8"
"72",7,"Courtland Sutton",DEN,"WR33","10","Coach Upside rating","Coach Bust rating","2 out of 5 stars","+5"
"73",7,"DK Metcalf",PIT,"WR34","9","Coach Upside rating","Coach Bust rating","3 out of 5 stars","-2"
"74",7,"Bhayshul Tuten",JAC,"RB26","7","Coach Upside rating","Coach Bust rating","4 out of 5 stars","-18"
"75",7,"Michael Wilson",ARI,"WR35","14","Coach Upside rating–No rating available","Coach Bust rating–No rating available","2 out of 5 stars","+15"
"76",7,"RJ Harvey",DEN,"RB27","10","Coach Upside rating","Coach Bust rating","2 out of 5 stars","+6"
"77",7,"Trevor Lawrence",JAC,"QB9","7","Coach Upside rating","Coach Bust rating","4 out of 5 stars","+4"
"78",7,"Chuba Hubbard",CAR,"RB28","5","Coach Upside rating","Coach Bust rating","1 out of 5 stars","-5"
"79",7,"Chris Godwin Jr.",TB,"WR36","10","Coach Upside rating","Coach Bust rating","4 out of 5 stars","+10"
"80",7,"Jadarian Price",SEA,"RB29","11","Coach Upside rating","Coach Bust rating","4 out of 5 stars","-16"
"81",7,"Kyle Pitts Sr.",ATL,"TE7","11","Coach Upside rating","Coach Bust rating","3 out of 5 stars","+13"
"82",7,"Jaxson Dart",NYG,"QB10","8","Coach Upside rating","Coach Bust rating","4 out of 5 stars","+10"
"83",7,"Jordyn Tyson",NO,"WR37","8","Coach Upside rating","Coach Bust rating","3 out of 5 stars","-11"
"84",7,"Michael Pittman Jr.",PIT,"WR38","9","Coach Upside rating","Coach Bust rating","3 out of 5 stars","+4"
"85",7,"Rhamondre Stevenson",NE,"RB30","11","Coach Upside rating","Coach Bust rating","2 out of 5 stars","-10"
"86",7,"Rico Dowdle",PIT,"RB31","9","Coach Upside rating","Coach Bust rating","2 out of 5 stars","+1"
"87",7,"Dak Prescott",DAL,"QB11","14","Coach Upside rating","Coach Bust rating","2 out of 5 stars","-7"
"88",7,"Wan'Dale Robinson",TEN,"WR39","9","Coach Upside rating","Coach Bust rating","3 out of 5 stars","+23"
"89",7,"Tony Pollard",TEN,"RB32","9","Coach Upside rating","Coach Bust rating","3 out of 5 stars","-11"
"90",7,"Sam LaPorta",DET,"TE8","6","Coach Upside rating","Coach Bust rating","3 out of 5 stars","+8"
"91",7,"Jakobi Meyers",JAC,"WR40","7","Coach Upside rating","Coach Bust rating","4 out of 5 stars","+15"
"92",7,"Brian Thomas Jr.",JAC,"WR41","7","Coach Upside rating","Coach Bust rating","4 out of 5 stars","-26"
"93",7,"Makai Lemon",PHI,"WR42","10","Coach Upside rating","Coach Bust rating","4 out of 5 stars","-8"
"94",7,"Brock Purdy",SF,"QB12","8","Coach Upside rating","Coach Bust rating","1 out of 5 stars","+2"
"95",7,"Parker Washington",JAC,"WR43","7","Coach Upside rating","Coach Bust rating","4 out of 5 stars","-27"
"96",8,"Kyle Monangai",CHI,"RB33","10","Coach Upside rating","Coach Bust rating","2 out of 5 stars","+3"
"97",8,"Kenneth Gainwell",TB,"RB34","10","Coach Upside rating","Coach Bust rating","2 out of 5 stars","-11"
"98",8,"Josh Downs",IND,"WR44","13","Coach Upside rating","Coach Bust rating","4 out of 5 stars","+5"
"99",8,"Patrick Mahomes II",KC,"QB13","5","Coach Upside rating","Coach Bust rating","2 out of 5 stars","-4"
"100",8,"Ricky Pearsall",SF,"WR45","8","Coach Upside rating","Coach Bust rating","2 out of 5 stars","0"
"101",8,"Travis Kelce",KC,"TE9","5","Coach Upside rating","Coach Bust rating","4 out of 5 stars","+17"
"102",8,"Bo Nix",DEN,"QB14","10","Coach Upside rating","Coach Bust rating","3 out of 5 stars","+5"
"103",8,"Matthew Stafford",LAR,"QB15","11","Coach Upside rating","Coach Bust rating","3 out of 5 stars","-12"
"104",8,"Aaron Jones Sr.",MIN,"RB35","6","Coach Upside rating","Coach Bust rating","4 out of 5 stars","+18"
"105",8,"Jake Ferguson",DAL,"TE10","14","Coach Upside rating","Coach Bust rating","2 out of 5 stars","+21"
"106",8,"J.K. Dobbins",DEN,"RB36","10","Coach Upside rating","Coach Bust rating","2 out of 5 stars","+4"
"107",8,"Jordan Addison",MIN,"WR46","6","Coach Upside rating","Coach Bust rating","5 out of 5 stars","-5"
"108",8,"Dalton Kincaid",BUF,"TE11","7","Coach Upside rating","Coach Bust rating","3 out of 5 stars","+11"
"109",8,"Jared Goff",DET,"QB16","6","Coach Upside rating","Coach Bust rating","5 out of 5 stars","-4"
"110",8,"Blake Corum",LAR,"RB37","11","Coach Upside rating","Coach Bust rating","5 out of 5 stars","-9"
"111",8,"Quentin Johnston",LAC,"WR47","7","Coach Upside rating","Coach Bust rating","2 out of 5 stars","-27"
"112",8,"Jayden Reed",GB,"WR48","11","Coach Upside rating","Coach Bust rating","5 out of 5 stars","-19"
"113",8,"Kyler Murray",MIN,"QB17","6","Coach Upside rating","Coach Bust rating","5 out of 5 stars","-1"
"114",8,"Khalil Shakir",BUF,"WR49","7","Coach Upside rating","Coach Bust rating","4 out of 5 stars","+11"
"115",8,"George Kittle",SF,"TE12","8","Coach Upside rating","Coach Bust rating","3 out of 5 stars","+5"
"116",8,"Rachaad White",WAS,"RB38","7","Coach Upside rating","Coach Bust rating","4 out of 5 stars","-7"
"117",8,"Jordan Love",GB,"QB18","11","Coach Upside rating","Coach Bust rating","4 out of 5 stars","-4"
"118",8,"Jayden Higgins",HOU,"WR50","8","Coach Upside rating","Coach Bust rating","3 out of 5 stars","+6"
"119",8,"Baker Mayfield",TB,"QB19","10","Coach Upside rating","Coach Bust rating","2 out of 5 stars","-5"
"120",8,"Dallas Goedert",PHI,"TE13","10","Coach Upside rating","Coach Bust rating","4 out of 5 stars","+11"
"121",8,"Tyler Shough",NO,"QB20","8","Coach Upside rating","Coach Bust rating","3 out of 5 stars","-6"
"122",8,"Isaiah Likely",NYG,"TE14","8","Coach Upside rating","Coach Bust rating","3 out of 5 stars","+5"
"123",8,"Jacory Croskey-Merritt",WAS,"RB39","7","Coach Upside rating","Coach Bust rating","4 out of 5 stars","+9"
"124",8,"Xavier Worthy",KC,"WR51","5","Coach Upside rating","Coach Bust rating","2 out of 5 stars","-16"
"125",8,"Tyrone Tracy Jr.",NYG,"RB40","8","Coach Upside rating","Coach Bust rating","4 out of 5 stars","+3"
"126",9,"KC Concepcion",CLE,"WR52","11","Coach Upside rating","Coach Bust rating","3 out of 5 stars","-3"
"127",9,"Romeo Doubs",NE,"WR53","11","Coach Upside rating","Coach Bust rating","2 out of 5 stars","-10"
"128",9,"Jordan Mason",MIN,"RB41","6","Coach Upside rating","Coach Bust rating","4 out of 5 stars","-7"
"129",9,"Malik Willis",MIA,"QB21","6","Coach Upside rating","Coach Bust rating","3 out of 5 stars","0"
"130",9,"Tyler Allgeier",ARI,"RB42","14","Coach Upside rating","Coach Bust rating","2 out of 5 stars","+17"
"131",9,"Jalen Coker",CAR,"WR54","5","Coach Upside rating","Coach Bust rating","2 out of 5 stars","-1"
"132",9,"Woody Marks",HOU,"RB43","8","Coach Upside rating","Coach Bust rating","4 out of 5 stars","+9"
"133",9,"Mark Andrews",BAL,"TE15","13","Coach Upside rating","Coach Bust rating","4 out of 5 stars","0"
"134",9,"C.J. Stroud",HOU,"QB22","8","Coach Upside rating","Coach Bust rating","4 out of 5 stars","+4"
"135",9,"Zach Charbonnet",SEA,"RB44","11","Coach Upside rating","Coach Bust rating","4 out of 5 stars","+26"
"136",9,"Sam Darnold",SEA,"QB23","11","Coach Upside rating","Coach Bust rating","4 out of 5 stars","+4"
"137",9,"Tyjae Spears",TEN,"RB45","9","Coach Upside rating","Coach Bust rating","3 out of 5 stars","+17"
"138",9,"Matthew Golden",GB,"WR55","11","Coach Upside rating","Coach Bust rating","5 out of 5 stars","-22"
"139",9,"Juwan Johnson",NO,"TE16","8","Coach Upside rating","Coach Bust rating","2 out of 5 stars","+7"
"140",9,"Jonathon Brooks",CAR,"RB46","5","Coach Upside rating","Coach Bust rating","1 out of 5 stars","-36"
"141",9,"Dylan Sampson",CLE,"RB47","11","Coach Upside rating","Coach Bust rating","3 out of 5 stars","+9"
"142",9,"Alvin Kamara",NO,"RB48","8","Coach Upside rating","Coach Bust rating","3 out of 5 stars","+30"
"143",9,"Chris Rodriguez Jr.",JAC,"RB49","7","Coach Upside rating","Coach Bust rating","4 out of 5 stars","-8"
"144",9,"Cam Ward",TEN,"QB24","9","Coach Upside rating","Coach Bust rating","3 out of 5 stars","-8"
"145",9,"Brenton Strange",JAC,"TE17","7","Coach Upside rating","Coach Bust rating","3 out of 5 stars","+4"
"146",9,"Oronde Gadsden II",LAC,"TE18","7","Coach Upside rating","Coach Bust rating","4 out of 5 stars","-7"
"147",9,"Isiah Pacheco",DET,"RB50","6","Coach Upside rating","Coach Bust rating","5 out of 5 stars","+1"
"148",9,"Jerry Jeudy",CLE,"WR56","11","Coach Upside rating","Coach Bust rating","3 out of 5 stars","+25"
"149",9,"Rashid Shaheed",SEA,"WR57","11","Coach Upside rating","Coach Bust rating","3 out of 5 stars","-5"
"150",9,"Denzel Boston",CLE,"WR58","11","Coach Upside rating","Coach Bust rating","3 out of 5 stars","+9"
"151",9,"Jauan Jennings",MIN,"WR59","6","Coach Upside rating","Coach Bust rating","5 out of 5 stars","0"
"152",9,"Omar Cooper Jr.",NYJ,"WR60","13","Coach Upside rating","Coach Bust rating","4 out of 5 stars","+6"
"153",9,"Bryce Young",CAR,"QB25","5","Coach Upside rating","Coach Bust rating","2 out of 5 stars","0"
"154",9,"Hunter Henry",NE,"TE19","11","Coach Upside rating","Coach Bust rating","4 out of 5 stars","+2"
"155",9,"Daniel Jones",IND,"QB26","13","Coach Upside rating","Coach Bust rating","4 out of 5 stars","-12"
"156",9,"Keaton Mitchell",LAC,"RB51","7","Coach Upside rating","Coach Bust rating","3 out of 5 stars","-19"
"157",9,"James Conner",ARI,"RB52","14","Coach Upside rating","Coach Bust rating","2 out of 5 stars","+54"
"158",10,"Travis Hunter",JAC,"WR61","7","Coach Upside rating","Coach Bust rating","4 out of 5 stars","+7"
"159",10,"Braelon Allen",NYJ,"RB53","13","Coach Upside rating","Coach Bust rating","3 out of 5 stars","+26"
"160",10,"Jonah Coleman",DEN,"RB54","10","Coach Upside rating","Coach Bust rating","2 out of 5 stars","0"
"161",10,"Chig Okonkwo",WAS,"TE20","7","Coach Upside rating","Coach Bust rating","1 out of 5 stars","-19"
"162",10,"Houston Texans",HOU,"DST1","8","Coach Upside rating–No rating available","Coach Bust rating–No rating available","2 out of 5 stars","+39"
"163",10,"Adonai Mitchell",NYJ,"WR62","13","Coach Upside rating","Coach Bust rating","4 out of 5 stars","+19"
"164",10,"Dalton Schultz",HOU,"TE21","8","Coach Upside rating","Coach Bust rating","4 out of 5 stars","+6"
"165",10,"Brian Robinson Jr.",ATL,"RB55","11","Coach Upside rating","Coach Bust rating","2 out of 5 stars","+6"
"166",10,"Jalen McMillan",TB,"WR63","10","Coach Upside rating","Coach Bust rating","4 out of 5 stars","-21"
"167",10,"Tre' Harris",LAC,"WR64","7","Coach Upside rating","Coach Bust rating","2 out of 5 stars","-5"
"168",10,"Kayshon Boutte",NE,"WR65","11","Coach Upside rating","Coach Bust rating","2 out of 5 stars","+40"
"169",10,"Emanuel Wilson",SEA,"RB56","11","Coach Upside rating","Coach Bust rating","4 out of 5 stars","+27"
"170",10,"Deebo Samuel Sr.",FA,"WR66","-","Coach Upside rating–No rating available","Coach Bust rating–No rating available","-","-4"
"171",10,"Tre Tucker",LV,"WR67","13","Coach Upside rating","Coach Bust rating","2 out of 5 stars","-19"
"172",10,"Troy Franklin",DEN,"WR68","10","Coach Upside rating","Coach Bust rating","2 out of 5 stars","+33"
"173",10,"Stefon Diggs",FA,"WR69","-","Coach Upside rating","Coach Bust rating","-","-39"
"174",10,"Denver Broncos",DEN,"DST2","10","Coach Upside rating–No rating available","Coach Bust rating–No rating available","4 out of 5 stars","+39"
"175",10,"Tank Bigsby",PHI,"RB57","10","Coach Upside rating","Coach Bust rating","4 out of 5 stars","-6"
"176",10,"Emmett Johnson",KC,"RB58","5","Coach Upside rating","Coach Bust rating","3 out of 5 stars","-2"
"177",10,"T.J. Hockenson",MIN,"TE22","6","Coach Upside rating","Coach Bust rating","4 out of 5 stars","-14"
"178",10,"Seattle Seahawks",SEA,"DST3","11","Coach Upside rating–No rating available","Coach Bust rating–No rating available","2 out of 5 stars","+31"
"179",10,"Jacoby Brissett",ARI,"QB27","14","Coach Upside rating","Coach Bust rating","2 out of 5 stars","-1"
"180",10,"Los Angeles Rams",LAR,"DST4","11","Coach Upside rating–No rating available","Coach Bust rating–No rating available","2 out of 5 stars","+26"
"181",10,"Brandon Aiyuk",SF,"WR70","8","Coach Upside rating","Coach Bust rating","2 out of 5 stars","+10"
"182",10,"Ryan Flournoy",DAL,"WR71","14","Coach Upside rating","Coach Bust rating","2 out of 5 stars","-15"
"183",10,"Kimani Vidal",LAC,"RB59","7","Coach Upside rating–No rating available","Coach Bust rating–No rating available","3 out of 5 stars","+6"
"184",10,"Philadelphia Eagles",PHI,"DST5","10","Coach Upside rating–No rating available","Coach Bust rating–No rating available","0 out of 5 stars","+40"
"185",10,"Calvin Ridley",TEN,"WR72","9","Coach Upside rating","Coach Bust rating","3 out of 5 stars","+2"
"186",10,"Jaylin Noel",HOU,"WR73","8","Coach Upside rating","Coach Bust rating","3 out of 5 stars","+58"
"187",10,"Kenyon Sadiq",NYJ,"TE23","13","Coach Upside rating","Coach Bust rating","4 out of 5 stars","-32"
"188",10,"Sean Tucker",TB,"RB60","10","Coach Upside rating","Coach Bust rating","2 out of 5 stars","-9"
"189",10,"AJ Barner",SEA,"TE24","11","Coach Upside rating","Coach Bust rating","3 out of 5 stars","-6"
"190",10,"Pat Bryant",DEN,"WR74","10","Coach Upside rating–No rating available","Coach Bust rating–No rating available","2 out of 5 stars","+51"
"191",10,"Isaac TeSlaa",DET,"WR75","6","Coach Upside rating","Coach Bust rating","4 out of 5 stars","-14"
"192",10,"Darnell Mooney",NYG,"WR76","8","Coach Upside rating–No rating available","Coach Bust rating–No rating available","4 out of 5 stars","+6"
"193",10,"Brandon Aubrey",DAL,"K1","14","Coach Upside rating","Coach Bust rating","2 out of 5 stars","-"
"194",10,"New England Patriots",NE,"DST6","11","Coach Upside rating–No rating available","Coach Bust rating–No rating available","3 out of 5 stars","+27"
"195",10,"Jacksonville Jaguars",JAC,"DST7","7","Coach Upside rating–No rating available","Coach Bust rating–No rating available","3 out of 5 stars","+33"
"196",10,"Pittsburgh Steelers",PIT,"DST8","9","Coach Upside rating–No rating available","Coach Bust rating–No rating available","5 out of 5 stars","+31"
"197",10,"Minnesota Vikings",MIN,"DST9","6","Coach Upside rating–No rating available","Coach Bust rating–No rating available","1 out of 5 stars","+29"
"198",11,"Mike Washington Jr.",LV,"RB61","13","Coach Upside rating","Coach Bust rating","2 out of 5 stars","-6"
"199",11,"Ray Davis",BUF,"RB62","7","Coach Upside rating–No rating available","Coach Bust rating–No rating available","2 out of 5 stars","-11"
"200",11,"Chimere Dike",TEN,"WR77","9","Coach Upside rating","Coach Bust rating","3 out of 5 stars","+118"
"201",11,"Los Angeles Chargers",LAC,"DST10","7","Coach Upside rating–No rating available","Coach Bust rating–No rating available","3 out of 5 stars","+30"
"202",11,"Cameron Dicker",LAC,"K2","7","Coach Upside rating–No rating available","Coach Bust rating–No rating available","2 out of 5 stars","-"
"203",11,"Ka'imi Fairbairn",HOU,"K3","8","Coach Upside rating","Coach Bust rating","2 out of 5 stars","-"
"204",11,"Antonio Williams",WAS,"WR78","7","Coach Upside rating–No rating available","Coach Bust rating–No rating available","2 out of 5 stars","-28"
"205",11,"Jason Myers",SEA,"K4","11","Coach Upside rating–No rating available","Coach Bust rating–No rating available","4 out of 5 stars","-"
"206",11,"Gunnar Helm",TEN,"TE25","9","Coach Upside rating–No rating available","Coach Bust rating–No rating available","3 out of 5 stars","-22"
"207",11,"Cam Little",JAC,"K5","7","Coach Upside rating–No rating available","Coach Bust rating–No rating available","4 out of 5 stars","-"
"208",11,"Green Bay Packers",GB,"DST11","11","Coach Upside rating–No rating available","Coach Bust rating–No rating available","2 out of 5 stars","+35"
"209",11,"Dontayvion Wicks",PHI,"WR79","10","Coach Upside rating–No rating available","Coach Bust rating–No rating available","4 out of 5 stars","+14"
"210",11,"Malik Washington",MIA,"WR80","6","Coach Upside rating–No rating available","Coach Bust rating–No rating available","3 out of 5 stars","-30"
"211",11,"Kaytron Allen",WAS,"RB63","7","Coach Upside rating","Coach Bust rating","4 out of 5 stars","-30"
"212",11,"Kansas City Chiefs",KC,"DST12","5","Coach Upside rating–No rating available","Coach Bust rating–No rating available","3 out of 5 stars","+38"
"213",11,"Jalen Nailor",LV,"WR81","13","Coach Upside rating–No rating available","Coach Bust rating–No rating available","2 out of 5 stars","-56"
"214",11,"Eddy Pineiro",SF,"K6","8","Coach Upside rating–No rating available","Coach Bust rating–No rating available","5 out of 5 stars","-"
"215",11,"Nicholas Singleton",TEN,"RB64","9","Coach Upside rating","Coach Bust rating","3 out of 5 stars","-29"
"216",11,"Tyler Loop",BAL,"K7","13","Coach Upside rating–No rating available","Coach Bust rating–No rating available","3 out of 5 stars","-"
"217",11,"Baltimore Ravens",BAL,"DST13","13","Coach Upside rating–No rating available","Coach Bust rating–No rating available","5 out of 5 stars","+17"
"218",11,"Jaylen Wright",MIA,"RB65","6","Coach Upside rating–No rating available","Coach Bust rating–No rating available","3 out of 5 stars","+14"
"219",11,"Evan McPherson",CIN,"K8","6","Coach Upside rating–No rating available","Coach Bust rating–No rating available","2 out of 5 stars","-"
"220",11,"Cleveland Browns",CLE,"DST14","11","Coach Upside rating–No rating available","Coach Bust rating–No rating available","5 out of 5 stars","+16"
"221",11,"Elic Ayomanor",TEN,"WR82","9","Coach Upside rating–No rating available","Coach Bust rating–No rating available","3 out of 5 stars","+103"
"222",11,"Cairo Santos",CHI,"K9","10","Coach Upside rating–No rating available","Coach Bust rating–No rating available","0 out of 5 stars","-"
"223",11,"Andy Borregales",NE,"K10","11","Coach Upside rating–No rating available","Coach Bust rating–No rating available","1 out of 5 stars","-"
"224",11,"De'Zhaun Stribling",SF,"WR83","8","Coach Upside rating–No rating available","Coach Bust rating–No rating available","2 out of 5 stars","-21"
"225",11,"Detroit Lions",DET,"DST15","6","Coach Upside rating–No rating available","Coach Bust rating–No rating available","5 out of 5 stars","+23"
"226",11,"David Njoku",LAC,"TE26","7","Coach Upside rating–No rating available","Coach Bust rating–No rating available","4 out of 5 stars","-27"
"227",11,"Geno Smith",NYJ,"QB28","13","Coach Upside rating–No rating available","Coach Bust rating–No rating available","4 out of 5 stars","-52"
"228",11,"Cooper Kupp",SEA,"WR84","11","Coach Upside rating–No rating available","Coach Bust rating–No rating available","3 out of 5 stars","-14"
"229",11,"Tank Dell",HOU,"WR85","8","Coach Upside rating–No rating available","Coach Bust rating–No rating available","3 out of 5 stars","-29"
"230",11,"Tyreek Hill",FA,"WR86","-","Coach Upside rating–No rating available","Coach Bust rating–No rating available","-","-1"
"231",11,"Fernando Mendoza",LV,"QB29","13","Coach Upside rating–No rating available","Coach Bust rating–No rating available","1 out of 5 stars","-63"
"232",11,"Chase McLaughlin",TB,"K11","10","Coach Upside rating–No rating available","Coach Bust rating–No rating available","3 out of 5 stars","-"
"233",11,"Germie Bernard",PIT,"WR87","9","Coach Upside rating–No rating available","Coach Bust rating–No rating available","3 out of 5 stars","-3"
"234",11,"Jake Bates",DET,"K12","6","Coach Upside rating–No rating available","Coach Bust rating–No rating available","5 out of 5 stars","-"
"235",11,"Aaron Rodgers",PIT,"QB30","9","Coach Upside rating–No rating available","Coach Bust rating–No rating available","2 out of 5 stars","-71"
"236",11,"Buffalo Bills",BUF,"DST16","7","Coach Upside rating–No rating available","Coach Bust rating–No rating available","3 out of 5 stars","+10"
"237",11,"Ollie Gordon II",MIA,"RB66","6","Coach Upside rating–No rating available","Coach Bust rating–No rating available","3 out of 5 stars","+93"
"238",11,"Rashod Bateman",BAL,"WR88","13","Coach Upside rating–No rating available","Coach Bust rating–No rating available","4 out of 5 stars","+30"
"239",11,"Ted Hurst III",TB,"WR89","10","Coach Upside rating–No rating available","Coach Bust rating–No rating available","4 out of 5 stars","-1"
"240",11,"Cade Otton",TB,"TE27","10","Coach Upside rating–No rating available","Coach Bust rating–No rating available","2 out of 5 stars","-46"
"241",11,"Terrance Ferguson",LAR,"TE28","11","Coach Upside rating–No rating available","Coach Bust rating–No rating available","4 out of 5 stars","-31"
"242",11,"Pat Freiermuth",PIT,"TE29","9","Coach Upside rating–No rating available","Coach Bust rating–No rating available","2 out of 5 stars","-47"
"243",11,"Harrison Butker",KC,"K13","5","Coach Upside rating–No rating available","Coach Bust rating–No rating available","5 out of 5 stars","-"
"244",11,"Zachariah Branch",ATL,"WR90","11","Coach Upside rating–No rating available","Coach Bust rating–No rating available","3 out of 5 stars","-51"
"245",11,"Jack Bech",LV,"WR91","13","Coach Upside rating–No rating available","Coach Bust rating–No rating available","2 out of 5 stars","+33"
"246",11,"Mason Taylor",NYJ,"TE30","13","Coach Upside rating–No rating available","Coach Bust rating–No rating available","4 out of 5 stars","+46"
"247",12,"Colby Parkinson",LAR,"TE31","11","Coach Upside rating–No rating available","Coach Bust rating–No rating available","4 out of 5 stars","-40"
"248",12,"Justice Hill",BAL,"RB67","13","Coach Upside rating–No rating available","Coach Bust rating–No rating available","3 out of 5 stars","-13"
"249",12,"Devin Neal",NO,"RB68","8","Coach Upside rating–No rating available","Coach Bust rating–No rating available","3 out of 5 stars","+161"
"250",12,"Chris Bell",MIA,"WR92","6","Coach Upside rating–No rating available","Coach Bust rating–No rating available","3 out of 5 stars","-10"
"251",12,"Harrison Mevis",LAR,"K14","11","Coach Upside rating–No rating available","Coach Bust rating–No rating available","2 out of 5 stars","-"
"252",12,"Theo Johnson",NYG,"TE32","8","Coach Upside rating–No rating available","Coach Bust rating–No rating available","3 out of 5 stars","+45"
"253",12,"Chris Boswell",PIT,"K15","9","Coach Upside rating–No rating available","Coach Bust rating–No rating available","4 out of 5 stars","-"
"254",12,"Keon Coleman",BUF,"WR93","7","Coach Upside rating–No rating available","Coach Bust rating–No rating available","4 out of 5 stars","-12"
"255",12,"Trey Benson",ARI,"RB69","14","Coach Upside rating–No rating available","Coach Bust rating–No rating available","2 out of 5 stars","+142"
"256",12,"Christian Kirk",SF,"WR94","8","Coach Upside rating–No rating available","Coach Bust rating–No rating available","2 out of 5 stars","-52"
"257",12,"Kaleb Johnson",PIT,"RB70","9","Coach Upside rating–No rating available","Coach Bust rating–No rating available","2 out of 5 stars","+150"
"258",12,"Evan Engram",DEN,"TE33","10","Coach Upside rating–No rating available","Coach Bust rating–No rating available","4 out of 5 stars","-2"
"259",12,"Isaiah Davis",NYJ,"RB71","13","Coach Upside rating–No rating available","Coach Bust rating–No rating available","3 out of 5 stars","+144"
"260",12,"Eli Stowers",PHI,"TE34","10","Coach Upside rating–No rating available","Coach Bust rating–No rating available","4 out of 5 stars","-40"
"261",12,"MarShawn Lloyd",GB,"RB72","11","Coach Upside rating–No rating available","Coach Bust rating–No rating available","4 out of 5 stars","-49"
"262",12,"Ty Johnson",BUF,"RB73","7","Coach Upside rating–No rating available","Coach Bust rating–No rating available","2 out of 5 stars","0"
"263",12,"Tory Horton",SEA,"WR95","11","Coach Upside rating–No rating available","Coach Bust rating–No rating available","3 out of 5 stars","+3"
"264",12,"Elijah Sarratt",BAL,"WR96","13","Coach Upside rating–No rating available","Coach Bust rating–No rating available","4 out of 5 stars","-15"
"265",12,"Malachi Fields",NYG,"WR97","8","Coach Upside rating–No rating available","Coach Bust rating–No rating available","4 out of 5 stars","-7"
"266",12,"Marvin Mims Jr.",DEN,"WR98","10","Coach Upside rating–No rating available","Coach Bust rating–No rating available","2 out of 5 stars","+48"
"267",12,"Chris Brooks",GB,"RB74","11","Coach Upside rating–No rating available","Coach Bust rating–No rating available","4 out of 5 stars","+3"
"268",12,"Michael Penix Jr.",ATL,"QB31","11","Coach Upside rating–No rating available","Coach Bust rating–No rating available","4 out of 5 stars","-43"
"269",12,"Jaydon Blue",DAL,"RB75","14","Coach Upside rating–No rating available","Coach Bust rating–No rating available","4 out of 5 stars","-54"
"270",12,"Demond Claiborne",MIN,"RB76","6","Coach Upside rating–No rating available","Coach Bust rating–No rating available","4 out of 5 stars","-52"
"271",12,"DJ Giddens",IND,"RB77","13","Coach Upside rating–No rating available","Coach Bust rating–No rating available","4 out of 5 stars","+1"
"272",12,"Mack Hollins",NE,"WR99","11","Coach Upside rating–No rating available","Coach Bust rating–No rating available","2 out of 5 stars","+128"
"273",12,"Kendre Miller",NO,"RB78","8","Coach Upside rating–No rating available","Coach Bust rating–No rating available","3 out of 5 stars","+70"
"274",12,"Darius Slayton",NYG,"WR100","8","Coach Upside rating–No rating available","Coach Bust rating–No rating available","4 out of 5 stars","+21"
"275",12,"Tua Tagovailoa",ATL,"QB32","11","Coach Upside rating–No rating available","Coach Bust rating–No rating available","4 out of 5 stars","-78"
"276",12,"Kyle Williams",NE,"WR101","11","Coach Upside rating–No rating available","Coach Bust rating–No rating available","2 out of 5 stars","+135"
"277",12,"Xavier Legette",CAR,"WR102","5","Coach Upside rating–No rating available","Coach Bust rating–No rating available","2 out of 5 stars","+57"
"278",12,"Malik Davis",DAL,"RB79","14","Coach Upside rating–No rating available","Coach Bust rating–No rating available","4 out of 5 stars","-9"
"279",12,"Seth McGowan",IND,"RB80","13","Coach Upside rating–No rating available","Coach Bust rating–No rating available","4 out of 5 stars","+110"
"280",12,"Samaje Perine",CIN,"RB81","6","Coach Upside rating–No rating available","Coach Bust rating–No rating available","2 out of 5 stars","-28"
"281",12,"Wil Lutz",DEN,"K16","10","Coach Upside rating–No rating available","Coach Bust rating–No rating available","1 out of 5 stars","-"
"282",12,"Brashard Smith",KC,"RB82","5","Coach Upside rating–No rating available","Coach Bust rating–No rating available","3 out of 5 stars","+126"
"283",12,"Atlanta Falcons",ATL,"DST17","11","Coach Upside rating–No rating available","Coach Bust rating–No rating available","4 out of 5 stars","-36"
"284",12,"Chris Brazzell II",CAR,"WR103","5","Coach Upside rating–No rating available","Coach Bust rating–No rating available","2 out of 5 stars","-13"
"285",12,"LeQuint Allen Jr.",JAC,"RB83","7","Coach Upside rating–No rating available","Coach Bust rating–No rating available","4 out of 5 stars","+5"
"286",12,"Keenan Allen",LAC,"WR104","7","Coach Upside rating–No rating available","Coach Bust rating–No rating available","2 out of 5 stars","-13"
"287",12,"Jordan James",SF,"RB84","8","Coach Upside rating–No rating available","Coach Bust rating–No rating available","2 out of 5 stars","-85"
"288",12,"San Francisco 49ers",SF,"DST18","8","Coach Upside rating–No rating available","Coach Bust rating–No rating available","3 out of 5 stars","-31"
"289",12,"Tyquan Thornton",KC,"WR105","5","Coach Upside rating–No rating available","Coach Bust rating–No rating available","2 out of 5 stars","-29"
"290",12,"Will Reichard",MIN,"K17","6","Coach Upside rating–No rating available","Coach Bust rating–No rating available","2 out of 5 stars","-"
"291",12,"Devaughn Vele",NO,"WR106","8","Coach Upside rating–No rating available","Coach Bust rating–No rating available","3 out of 5 stars","-16"
"292",12,"Jerome Ford",WAS,"RB85","7","Coach Upside rating–No rating available","Coach Bust rating–No rating available","4 out of 5 stars","+90"
"293",12,"Najee Harris",LAC,"RB86","7","Coach Upside rating–No rating available","Coach Bust rating–No rating available","3 out of 5 stars","+33"
"294",12,"Jaleel McLaughlin",DEN,"RB87","10","Coach Upside rating–No rating available","Coach Bust rating–No rating available","2 out of 5 stars","+21"
"295",12,"George Holani",SEA,"RB88","11","Coach Upside rating–No rating available","Coach Bust rating–No rating available","4 out of 5 stars","-50"
"296",12,"Devin Singletary",NYG,"RB89","8","Coach Upside rating–No rating available","Coach Bust rating–No rating available","4 out of 5 stars","+109"
"297",12,"Shedeur Sanders",CLE,"QB33","11","Coach Upside rating–No rating available","Coach Bust rating–No rating available","4 out of 5 stars","-75"
"298",12,"Oscar Delp",NO,"TE35","8","Coach Upside rating–No rating available","Coach Bust rating–No rating available","2 out of 5 stars","+98"
"299",12,"Hollywood Brown",PHI,"WR107","10","Coach Upside rating–No rating available","Coach Bust rating–No rating available","4 out of 5 stars","+37"
"300",12,"Charlie Smyth",NO,"K18","8","Coach Upside rating–No rating available","Coach Bust rating–No rating available","5 out of 5 stars","-"
"301",12,"Kirk Cousins",LV,"QB34","13","Coach Upside rating–No rating available","Coach Bust rating–No rating available","1 out of 5 stars","-68"
"302",12,"Deshaun Watson",CLE,"QB35","11","Coach Upside rating–No rating available","Coach Bust rating–No rating available","4 out of 5 stars","-86"
"303",12,"Mike Gesicki",CIN,"TE36","6","Coach Upside rating–No rating available","Coach Bust rating–No rating available","3 out of 5 stars","-64"
"304",12,"Emari Demercado",KC,"RB90","5","Coach Upside rating–No rating available","Coach Bust rating–No rating available","3 out of 5 stars","-20"
"305",13,"Indianapolis Colts",IND,"DST19","13","Coach Upside rating–No rating available","Coach Bust rating–No rating available","5 out of 5 stars","-46"
"306",13,"Greg Dulcich",MIA,"TE37","6","Coach Upside rating–No rating available","Coach Bust rating–No rating available","5 out of 5 stars","-116"
"307",13,"Joe Mixon",FA,"RB91","-","Coach Upside rating–No rating available","Coach Bust rating–No rating available","-","+68"
"308",13,"Adam Randall",BAL,"RB92","13","Coach Upside rating–No rating available","Coach Bust rating–No rating available","3 out of 5 stars","+2"
"309",13,"Jake Tonges",SF,"TE38","8","Coach Upside rating–No rating available","Coach Bust rating–No rating available","3 out of 5 stars","-90"
"310",13,"Kaelon Black",SF,"RB93","8","Coach Upside rating–No rating available","Coach Bust rating–No rating available","2 out of 5 stars","-93"
"311",13,"Trevor Etienne",CAR,"RB94","5","Coach Upside rating–No rating available","Coach Bust rating–No rating available","1 out of 5 stars","-25"
"312",13,"Skyler Bell",BUF,"WR108","7","Coach Upside rating–No rating available","Coach Bust rating–No rating available","4 out of 5 stars","-32"
"313",13,"Isaac Guerendo",SF,"RB95","8","Coach Upside rating–No rating available","Coach Bust rating–No rating available","2 out of 5 stars","+28"
"314",13,"Tahj Brooks",CIN,"RB96","6","Coach Upside rating–No rating available","Coach Bust rating–No rating available","2 out of 5 stars","+85"
"315",13,"Isaiah Bond",CLE,"WR109","11","Coach Upside rating–No rating available","Coach Bust rating–No rating available","3 out of 5 stars","+18"
"316",13,"Jarquez Hunter",LAR,"RB97","11","Coach Upside rating–No rating available","Coach Bust rating–No rating available","5 out of 5 stars","+16"
"317",13,"Ja'Kobi Lane",BAL,"WR110","13","Coach Upside rating–No rating available","Coach Bust rating–No rating available","4 out of 5 stars","+3"
"318",13,"Audric Estime",NO,"RB98","8","Coach Upside rating–No rating available","Coach Bust rating–No rating available","3 out of 5 stars","+41"
"319",13,"Andrei Iosivas",CIN,"WR111","6","Coach Upside rating–No rating available","Coach Bust rating–No rating available","4 out of 5 stars","+3"
"320",13,"Chicago Bears",CHI,"DST20","10","Coach Upside rating–No rating available","Coach Bust rating–No rating available","2 out of 5 stars","-83"
"321",13,"Tez Johnson",TB,"WR112","10","Coach Upside rating–No rating available","Coach Bust rating–No rating available","4 out of 5 stars","+85"
"322",13,"J.J. McCarthy",MIN,"QB36","6","Coach Upside rating–No rating available","Coach Bust rating–No rating available","5 out of 5 stars","-61"
"323",13,"Konata Mumpfield",LAR,"WR113","11","Coach Upside rating–No rating available","Coach Bust rating–No rating available","1 out of 5 stars","-12"
"324",13,"Cedric Tillman",CLE,"WR114","11","Coach Upside rating–No rating available","Coach Bust rating–No rating available","3 out of 5 stars","-5"
"325",13,"Jalen Royals",KC,"WR115","5","Coach Upside rating–No rating available","Coach Bust rating–No rating available","2 out of 5 stars","+42"
"326",13,"Max Klare",LAR,"TE39","11","Coach Upside rating–No rating available","Coach Bust rating–No rating available","4 out of 5 stars","+59"
"327",13,"New Orleans Saints",NO,"DST21","8","Coach Upside rating–No rating available","Coach Bust rating–No rating available","5 out of 5 stars","-76"
"328",13,"Calvin Austin III",NYG,"WR116","8","Coach Upside rating–No rating available","Coach Bust rating–No rating available","4 out of 5 stars","+42"
"329",13,"Kareem Hunt",FA,"RB99","-","Coach Upside rating–No rating available","Coach Bust rating–No rating available","-","+44"
"330",13,"Bam Knight",ARI,"RB100","14","Coach Upside rating–No rating available","Coach Bust rating–No rating available","2 out of 5 stars","-"
"331",13,"Darnell Washington",PIT,"TE40","9","Coach Upside rating–No rating available","Coach Bust rating–No rating available","2 out of 5 stars","-44"
"332",13,"Will Shipley",PHI,"RB101","10","Coach Upside rating–No rating available","Coach Bust rating–No rating available","4 out of 5 stars","+7"
"333",13,"Luke McCaffrey",WAS,"WR117","7","Coach Upside rating–No rating available","Coach Bust rating–No rating available","2 out of 5 stars","-57"
"334",13,"Jahan Dotson",ATL,"WR118","11","Coach Upside rating–No rating available","Coach Bust rating–No rating available","3 out of 5 stars","-22"
"335",13,"Mac Jones",SF,"QB37","8","Coach Upside rating–No rating available","Coach Bust rating–No rating available","1 out of 5 stars","+59"
"336",13,"Tyler Higbee",LAR,"TE41","11","Coach Upside rating–No rating available","Coach Bust rating–No rating available","4 out of 5 stars","+62"
"337",13,"Noah Gray",KC,"TE42","5","Coach Upside rating–No rating available","Coach Bust rating–No rating available","4 out of 5 stars","+67"
"338",14,"Olamide Zaccheaus",ATL,"WR119","11","Coach Upside rating–No rating available","Coach Bust rating–No rating available","3 out of 5 stars","+64"
"339",14,"Ty Simpson",LAR,"QB38","11","Coach Upside rating–No rating available","Coach Bust rating–No rating available","3 out of 5 stars","+52"
"340",14,"J'Mari Taylor",JAC,"RB102","7","Coach Upside rating–No rating available","Coach Bust rating–No rating available","4 out of 5 stars","-"
"341",14,"Jalen Tolbert",MIA,"WR120","6","Coach Upside rating–No rating available","Coach Bust rating–No rating available","3 out of 5 stars","-10"
"342",14,"Carolina Panthers",CAR,"DST22","5","Coach Upside rating–No rating available","Coach Bust rating–No rating available","3 out of 5 stars","-79"
"343",14,"Caleb Douglas",MIA,"WR121","6","Coach Upside rating–No rating available","Coach Bust rating–No rating available","3 out of 5 stars","-15"
"344",14,"Joshua Palmer",BUF,"WR122","7","Coach Upside rating–No rating available","Coach Bust rating–No rating available","4 out of 5 stars","+12"
"345",14,"Dont'e Thornton Jr.",LV,"WR123","13","Coach Upside rating–No rating available","Coach Bust rating–No rating available","2 out of 5 stars","-"
"346",14,"Elijah Arroyo",SEA,"TE43","11","Coach Upside rating–No rating available","Coach Bust rating–No rating available","3 out of 5 stars","+66"
"347",14,"Bryce Lance",NO,"WR124","8","Coach Upside rating–No rating available","Coach Bust rating–No rating available","3 out of 5 stars","-39"
"348",14,"Michael Carter",TEN,"RB103","9","Coach Upside rating–No rating available","Coach Bust rating–No rating available","3 out of 5 stars","+3"
"349",14,"Dallas Cowboys",DAL,"DST23","14","Coach Upside rating–No rating available","Coach Bust rating–No rating available","1 out of 5 stars","-85"
"350",14,"Xavier Hutchinson",HOU,"WR125","8","Coach Upside rating–No rating available","Coach Bust rating–No rating available","3 out of 5 stars","-1"
"351",14,"Eli Heidenreich",PIT,"RB104","9","Coach Upside rating–No rating available","Coach Bust rating–No rating available","2 out of 5 stars","-98"
"352",14,"DeMario Douglas",NE,"WR126","11","Coach Upside rating–No rating available","Coach Bust rating–No rating available","2 out of 5 stars","+24"
"353",14,"Justin Fields",KC,"QB39","5","Coach Upside rating–No rating available","Coach Bust rating–No rating available","2 out of 5 stars","-98"
"354",14,"Ja'Tavion Sanders",CAR,"TE44","5","Coach Upside rating–No rating available","Coach Bust rating–No rating available","2 out of 5 stars","-54"
"355",14,"Carson Beck",ARI,"QB40","14","Coach Upside rating–No rating available","Coach Bust rating–No rating available","2 out of 5 stars","-53"
"356",14,"Michael Mayer",LV,"TE45","13","Coach Upside rating–No rating available","Coach Bust rating–No rating available","3 out of 5 stars","-74"
"357",14,"Anthony Richardson Sr.",IND,"QB41","13","Coach Upside rating–No rating available","Coach Bust rating–No rating available","4 out of 5 stars","+29"
"358",14,"Kendrick Bourne",ARI,"WR127","14","Coach Upside rating–No rating available","Coach Bust rating–No rating available","2 out of 5 stars","-33"
"359",14,"Dawson Knox",BUF,"TE46","7","Coach Upside rating–No rating available","Coach Bust rating–No rating available","3 out of 5 stars","-53"
"360",14,"Brenen Thompson",LAC,"WR128","7","Coach Upside rating–No rating available","Coach Bust rating–No rating available","2 out of 5 stars","-56"
"361",14,"Nick Chubb",FA,"RB105","-","Coach Upside rating–No rating available","Coach Bust rating–No rating available","-","-"
"362",14,"John Metchie III",CAR,"WR129","5","Coach Upside rating–No rating available","Coach Bust rating–No rating available","2 out of 5 stars","-45"
"363",14,"Cole Kmet",CHI,"TE47","10","Coach Upside rating–No rating available","Coach Bust rating–No rating available","2 out of 5 stars","+46"
"364",14,"Justin Joly",DEN,"TE48","10","Coach Upside rating–No rating available","Coach Bust rating–No rating available","4 out of 5 stars","+17"
"365",14,"Tennessee Titans",TEN,"DST24","9","Coach Upside rating–No rating available","Coach Bust rating–No rating available","2 out of 5 stars","-84"
"366",14,"Jaylin Lane",WAS,"WR130","7","Coach Upside rating–No rating available","Coach Bust rating–No rating available","2 out of 5 stars","-"
"367",14,"Austin Ekeler",FA,"RB106","-","Coach Upside rating–No rating available","Coach Bust rating–No rating available","-","-10"
"368",14,"Nick Folk",ATL,"K19","11","Coach Upside rating–No rating available","Coach Bust rating–No rating available","0 out of 5 stars","-"
"369",14,"Raheim Sanders",CLE,"RB107","11","Coach Upside rating–No rating available","Coach Bust rating–No rating available","3 out of 5 stars","-"
"370",14,"Jawhar Jordan",HOU,"RB108","8","Coach Upside rating–No rating available","Coach Bust rating–No rating available","4 out of 5 stars","-43"
"371",14,"Zane Gonzalez",MIA,"K20","6","Coach Upside rating–No rating available","Coach Bust rating–No rating available","2 out of 5 stars","-"
"372",14,"Kalif Raymond",CHI,"WR131","10","Coach Upside rating–No rating available","Coach Bust rating–No rating available","3 out of 5 stars","-18"
"373",14,"KaVontae Turpin",DAL,"WR132","14","Coach Upside rating–No rating available","Coach Bust rating–No rating available","2 out of 5 stars","-82"
"374",14,"Jake Elliott",PHI,"K21","10","Coach Upside rating–No rating available","Coach Bust rating–No rating available","5 out of 5 stars","-"
"375",14,"Tutu Atwell",MIA,"WR133","6","Coach Upside rating–No rating available","Coach Bust rating–No rating available","3 out of 5 stars","+13"
"376",14,"Treylon Burks",WAS,"WR134","7","Coach Upside rating–No rating available","Coach Bust rating–No rating available","2 out of 5 stars","-111"
"377",14,"Blake Grupe",IND,"K22","13","Coach Upside rating–No rating available","Coach Bust rating–No rating available","4 out of 5 stars","-"
"378",14,"Noah Fant",NO,"TE49","8","Coach Upside rating–No rating available","Coach Bust rating–No rating available","2 out of 5 stars","-69"
"379",14,"Eli Raridon",NE,"TE50","11","Coach Upside rating–No rating available","Coach Bust rating–No rating available","4 out of 5 stars","-18"
"380",14,"New York Giants",NYG,"DST25","8","Coach Upside rating–No rating available","Coach Bust rating–No rating available","1 out of 5 stars","-126"
"381",14,"Tampa Bay Buccaneers",TB,"DST26","10","Coach Upside rating–No rating available","Coach Bust rating–No rating available","4 out of 5 stars","-114"
"382",14,"Cincinnati Bengals",CIN,"DST27","6","Coach Upside rating–No rating available","Coach Bust rating–No rating available","4 out of 5 stars","-24"
"383",14,"Tyler Bass",BUF,"K23","7","Coach Upside rating–No rating available","Coach Bust rating–No rating available","2 out of 5 stars","-"
"384",14,"Ryan Fitzgerald",CAR,"K24","5","Coach Upside rating–No rating available","Coach Bust rating–No rating available","0 out of 5 stars","-"
"385",14,"Washington Commanders",WAS,"DST28","7","Coach Upside rating–No rating available","Coach Bust rating–No rating available","2 out of 5 stars","-7"
"386",14,"Miami Dolphins",MIA,"DST29","6","Coach Upside rating–No rating available","Coach Bust rating–No rating available","3 out of 5 stars","-6"
"387",14,"Luke Musgrave",GB,"TE51","11","Coach Upside rating–No rating available","Coach Bust rating–No rating available","2 out of 5 stars","-47"
"388",14,"Nick Westbrook-Ikhine",IND,"WR135","13","Coach Upside rating–No rating available","Coach Bust rating–No rating available","4 out of 5 stars","-4"
"389",14,"Dameon Pierce",PHI,"RB109","10","Coach Upside rating–No rating available","Coach Bust rating–No rating available","4 out of 5 stars","-"
"390",14,"Tommy Tremble",CAR,"TE52","5","Coach Upside rating–No rating available","Coach Bust rating–No rating available","2 out of 5 stars","-"
"391",14,"Daniel Bellinger",TEN,"TE53","9","Coach Upside rating–No rating available","Coach Bust rating–No rating available","3 out of 5 stars","-27"
"392",14,"Ben Sauls",NYG,"K25","8","Coach Upside rating–No rating available","Coach Bust rating–No rating available","2 out of 5 stars","-"
"393",14,"Ben Sinnott",WAS,"TE54","7","Coach Upside rating–No rating available","Coach Bust rating–No rating available","1 out of 5 stars","-27"
"394",14,"Jordan Whittington",LAR,"WR136","11","Coach Upside rating–No rating available","Coach Bust rating–No rating available","1 out of 5 stars","-"
"395",14,"Marcus Mariota",WAS,"QB42","7","Coach Upside rating–No rating available","Coach Bust rating–No rating available","2 out of 5 stars","0"
"396",14,"Zavion Thomas",CHI,"WR137","10","Coach Upside rating–No rating available","Coach Bust rating–No rating available","3 out of 5 stars","-97"
"397",14,"Kevin Coleman Jr.",MIA,"WR138","6","Coach Upside rating–No rating available","Coach Bust rating–No rating available","3 out of 5 stars","-44"
"398",14,"Savion Williams",GB,"WR139","11","Coach Upside rating–No rating available","Coach Bust rating–No rating available","5 out of 5 stars","-82"
"399",14,"John Bates",WAS,"TE55","7","Coach Upside rating–No rating available","Coach Bust rating–No rating available","1 out of 5 stars","-"
"400",14,"Darren Waller",FA,"TE56","-","Coach Upside rating–No rating available","Coach Bust rating–No rating available","-","-38"
"401",14,"Joey Slye",TEN,"K26","9","Coach Upside rating–No rating available","Coach Bust rating–No rating available","4 out of 5 stars","-"
"402",14,"Chad Ryland",ARI,"K27","14","Coach Upside rating–No rating available","Coach Bust rating–No rating available","2 out of 5 stars","-"
"403",14,"Greg Dortch",DET,"WR140","6","Coach Upside rating–No rating available","Coach Bust rating–No rating available","4 out of 5 stars","-80"
"404",14,"Tommy Myers",FA,"TE57","-","Coach Upside rating–No rating available","Coach Bust rating–No rating available","-","-"
"405",14,"Brandon McManus",FA,"K28","-","Coach Upside rating–No rating available","Coach Bust rating–No rating available","-","-"
"406",14,"Austin Hooper",ATL,"TE58","11","Coach Upside rating–No rating available","Coach Bust rating–No rating available","3 out of 5 stars","-"
"407",15,"Raheem Mostert",LV,"RB110","13","Coach Upside rating–No rating available","Coach Bust rating–No rating available","2 out of 5 stars","-"
"408",15,"Antonio Gibson",FA,"RB111","-","Coach Upside rating–No rating available","Coach Bust rating–No rating available","-","-"
"409",15,"Jameis Winston",NYG,"QB43","8","Coach Upside rating–No rating available","Coach Bust rating–No rating available","4 out of 5 stars","-16"
"410",15,"Daniel Carlson",LV,"K29","13","Coach Upside rating–No rating available","Coach Bust rating–No rating available","1 out of 5 stars","-"
"411",15,"DeAndre Hopkins",BAL,"WR141","13","Coach Upside rating–No rating available","Coach Bust rating–No rating available","4 out of 5 stars","-"
"412",15,"Kyle Juszczyk",SF,"RB112","8","Coach Upside rating–No rating available","Coach Bust rating–No rating available","2 out of 5 stars","-"
"413",15,"Joe Milton III",DAL,"QB44","14","Coach Upside rating–No rating available","Coach Bust rating–No rating available","2 out of 5 stars","-69"
"414",15,"Zach Ertz",FA,"TE59","-","Coach Upside rating–No rating available","Coach Bust rating–No rating available","-","-35"
"415",15,"Deion Burks",IND,"WR142","13","Coach Upside rating–No rating available","Coach Bust rating–No rating available","4 out of 5 stars","-"
"416",15,"Terrell Jennings",NE,"RB113","11","Coach Upside rating–No rating available","Coach Bust rating–No rating available","2 out of 5 stars","-"
"417",15,"Tyler Lockett",LV,"WR143","13","Coach Upside rating–No rating available","Coach Bust rating–No rating available","2 out of 5 stars","-"
"418",15,"Ashton Dulin",IND,"WR144","13","Coach Upside rating–No rating available","Coach Bust rating–No rating available","4 out of 5 stars","-124"
"419",15,"CJ Daniels",LAR,"WR145","11","Coach Upside rating–No rating available","Coach Bust rating–No rating available","1 out of 5 stars","-"
"420",15,"Joe Flacco",CIN,"QB45","6","Coach Upside rating–No rating available","Coach Bust rating–No rating available","3 out of 5 stars","-19"
"421",15,"Phil Mafah",DAL,"RB114","14","Coach Upside rating–No rating available","Coach Bust rating–No rating available","4 out of 5 stars","-53"
"422",15,"Khalil Herbert",FA,"RB115","-","Coach Upside rating–No rating available","Coach Bust rating–No rating available","-","-"
"423",15,"Jonnu Smith",FA,"TE60","-","Coach Upside rating–No rating available","Coach Bust rating–No rating available","-","-36"
"424",15,"Damien Martinez",GB,"RB116","11","Coach Upside rating–No rating available","Coach Bust rating–No rating available","4 out of 5 stars","-95"
"425",15,"Marlin Klein",HOU,"TE61","8","Coach Upside rating–No rating available","Coach Bust rating–No rating available","4 out of 5 stars","-"
"426",15,"Josh Oliver",MIN,"TE62","6","Coach Upside rating–No rating available","Coach Bust rating–No rating available","4 out of 5 stars","-"
"427",15,"Xavier Smith",LAR,"WR146","11","Coach Upside rating–No rating available","Coach Bust rating–No rating available","1 out of 5 stars","-"
"428",15,"Dyami Brown",WAS,"WR147","7","Coach Upside rating–No rating available","Coach Bust rating–No rating available","2 out of 5 stars","-"
"429",15,"Demarcus Robinson",SF,"WR148","8","Coach Upside rating–No rating available","Coach Bust rating–No rating available","2 out of 5 stars","-"
"430",15,"Jam Miller",NE,"RB117","11","Coach Upside rating–No rating available","Coach Bust rating–No rating available","2 out of 5 stars","-78"
"431",15,"Devontez Walker",BAL,"WR149","13","Coach Upside rating–No rating available","Coach Bust rating–No rating available","4 out of 5 stars","-142"
"432",15,"Alec Ingold",LAC,"RB118","7","Coach Upside rating–No rating available","Coach Bust rating–No rating available","3 out of 5 stars","-"
"433",15,"Trey Smack",GB,"K30","11","Coach Upside rating–No rating available","Coach Bust rating–No rating available","4 out of 5 stars","-"
"434",15,"Mitch Tinsley",CIN,"WR150","6","Coach Upside rating–No rating available","Coach Bust rating–No rating available","4 out of 5 stars","-"
"435",15,"Dylan Laube",LV,"RB119","13","Coach Upside rating–No rating available","Coach Bust rating–No rating available","2 out of 5 stars","-"
"436",15,"Patrick Ricard",NYG,"RB120","8","Coach Upside rating–No rating available","Coach Bust rating–No rating available","4 out of 5 stars","-"
"437",15,"Erick All Jr.",CIN,"TE63","6","Coach Upside rating–No rating available","Coach Bust rating–No rating available","3 out of 5 stars","-"
"438",15,"Ty Chandler",NO,"RB121","8","Coach Upside rating–No rating available","Coach Bust rating–No rating available","3 out of 5 stars","-"
"439",15,"Rasheen Ali",BAL,"RB122","13","Coach Upside rating–No rating available","Coach Bust rating–No rating available","3 out of 5 stars","-"
"440",15,"Elijah Higgins",ARI,"TE64","14","Coach Upside rating–No rating available","Coach Bust rating–No rating available","2 out of 5 stars","-"
"441",15,"Riley Leonard",IND,"QB46","13","Coach Upside rating–No rating available","Coach Bust rating–No rating available","4 out of 5 stars","-"
"442",15,"Las Vegas Raiders",LV,"DST30","13","Coach Upside rating–No rating available","Coach Bust rating–No rating available","4 out of 5 stars","-71"
"443",15,"Miles Sanders",FA,"RB123","-","Coach Upside rating–No rating available","Coach Bust rating–No rating available","-","-"
"444",15,"Tyler Badie",DEN,"RB124","10","Coach Upside rating–No rating available","Coach Bust rating–No rating available","2 out of 5 stars","-"
"445",15,"Kevin Austin Jr.",NO,"WR151","8","Coach Upside rating–No rating available","Coach Bust rating–No rating available","3 out of 5 stars","-"
"446",15,"Max Bredeson",MIN,"RB125","6","Coach Upside rating–No rating available","Coach Bust rating–No rating available","4 out of 5 stars","-"
"447",15,"Roschon Johnson",CHI,"RB126","10","Coach Upside rating–No rating available","Coach Bust rating–No rating available","2 out of 5 stars","-"
"448",15,"AJ Dillon",CAR,"RB127","5","Coach Upside rating–No rating available","Coach Bust rating–No rating available","1 out of 5 stars","-"
"449",15,"Reggie Gilliam",NE,"RB128","11","Coach Upside rating–No rating available","Coach Bust rating–No rating available","2 out of 5 stars","-"
"450",15,"Tai Felton",MIN,"WR152","6","Coach Upside rating–No rating available","Coach Bust rating–No rating available","5 out of 5 stars","-"
"451",15,"Cyrus Allen",KC,"WR153","5","Coach Upside rating–No rating available","Coach Bust rating–No rating available","2 out of 5 stars","-"
"452",15,"Gardner Minshew II",ARI,"QB47","14","Coach Upside rating–No rating available","Coach Bust rating–No rating available","2 out of 5 stars","-154"
"453",15,"Jaret Patterson",LAC,"RB129","7","Coach Upside rating–No rating available","Coach Bust rating–No rating available","3 out of 5 stars","-"
"454",15,"Malik Benson",LV,"WR154","13","Coach Upside rating–No rating available","Coach Bust rating–No rating available","2 out of 5 stars","-108"
"455",15,"Mitchell Evans",CAR,"TE65","5","Coach Upside rating–No rating available","Coach Bust rating–No rating available","2 out of 5 stars","-"
"456",15,"Zavier Scott",MIN,"RB130","6","Coach Upside rating–No rating available","Coach Bust rating–No rating available","4 out of 5 stars","-"
"457",15,"Elijah Moore",PHI,"WR155","10","Coach Upside rating–No rating available","Coach Bust rating–No rating available","4 out of 5 stars","-"
"458",15,"Robert Henry Jr.",WAS,"RB131","7","Coach Upside rating–No rating available","Coach Bust rating–No rating available","4 out of 5 stars","-"
"459",15,"Hunter Luepke",DAL,"RB132","14","Coach Upside rating–No rating available","Coach Bust rating–No rating available","4 out of 5 stars","-"
"460",15,"Will Howard",PIT,"QB48","9","Coach Upside rating–No rating available","Coach Bust rating–No rating available","2 out of 5 stars","-95"
"461",15,"Jahdae Walker",CHI,"WR156","10","Coach Upside rating–No rating available","Coach Bust rating–No rating available","3 out of 5 stars","-119"
"462",15,"Adam Prentice",DEN,"RB133","10","Coach Upside rating–No rating available","Coach Bust rating–No rating available","2 out of 5 stars","-"
"463",15,"Myles Montgomery",NE,"RB134","11","Coach Upside rating–No rating available","Coach Bust rating–No rating available","2 out of 5 stars","-"
"464",15,"Nate Boerkircher",JAC,"TE66","7","Coach Upside rating–No rating available","Coach Bust rating–No rating available","3 out of 5 stars","-"
"465",15,"Sam Roush",CHI,"TE67","10","Coach Upside rating–No rating available","Coach Bust rating–No rating available","2 out of 5 stars","-169"
"466",15,"Durham Smythe",BAL,"TE68","13","Coach Upside rating–No rating available","Coach Bust rating–No rating available","4 out of 5 stars","-"
"467",15,"JuJu Smith-Schuster",NYG,"WR157","8","Coach Upside rating–No rating available","Coach Bust rating–No rating available","4 out of 5 stars","-"
"468",15,"Tanner Koziol",JAC,"TE69","7","Coach Upside rating–No rating available","Coach Bust rating–No rating available","3 out of 5 stars","-"
"469",15,"Adam Trautman",DEN,"TE70","10","Coach Upside rating–No rating available","Coach Bust rating–No rating available","4 out of 5 stars","-"
"470",15,"Luke Schoonmaker",DAL,"TE71","14","Coach Upside rating–No rating available","Coach Bust rating–No rating available","2 out of 5 stars","-"
"471",15,"Tyler Goodson",ATL,"RB135","11","Coach Upside rating–No rating available","Coach Bust rating–No rating available","2 out of 5 stars","-"
"472",15,"Ronnie Rivers",LAR,"RB136","11","Coach Upside rating–No rating available","Coach Bust rating–No rating available","5 out of 5 stars","-"
"473",15,"Cam Akers",FA,"RB137","-","Coach Upside rating–No rating available","Coach Bust rating–No rating available","-","-"
"474",15,"Ronnie Bell",NO,"WR158","8","Coach Upside rating–No rating available","Coach Bust rating–No rating available","3 out of 5 stars","-"
"475",15,"Brock Wright",DET,"TE72","6","Coach Upside rating–No rating available","Coach Bust rating–No rating available","3 out of 5 stars","-"
"476",15,"Jack Endries",CIN,"TE73","6","Coach Upside rating–No rating available","Coach Bust rating–No rating available","3 out of 5 stars","-"
"477",15,"Quinn Ewers",MIA,"QB49","6","Coach Upside rating–No rating available","Coach Bust rating–No rating available","3 out of 5 stars","-129"
"478",16,"Roman Hemby",LV,"RB138","13","Coach Upside rating–No rating available","Coach Bust rating–No rating available","2 out of 5 stars","-"
"479",16,"Lil'Jordan Humphrey",DEN,"WR159","10","Coach Upside rating–No rating available","Coach Bust rating–No rating available","2 out of 5 stars","-"
"480",16,"Mo Alie-Cox",IND,"TE74","13","Coach Upside rating–No rating available","Coach Bust rating–No rating available","3 out of 5 stars","-"
"481",16,"Cade Klubnik",NYJ,"QB50","13","Coach Upside rating–No rating available","Coach Bust rating–No rating available","4 out of 5 stars","-"
"482",16,"Roman Wilson",PIT,"WR160","9","Coach Upside rating–No rating available","Coach Bust rating–No rating available","3 out of 5 stars","-"
"483",16,"Jackson Hawes",BUF,"TE75","7","Coach Upside rating–No rating available","Coach Bust rating–No rating available","3 out of 5 stars","-"
"484",16,"Michael Trigg",DAL,"TE76","14","Coach Upside rating–No rating available","Coach Bust rating–No rating available","2 out of 5 stars","-"
"485",16,"Thomas Fidone II",NYG,"TE77","8","Coach Upside rating–No rating available","Coach Bust rating–No rating available","3 out of 5 stars","-"
"486",16,"Jason Sanders",NYJ,"K31","13","Coach Upside rating–No rating available","Coach Bust rating–No rating available","2 out of 5 stars","-"
"487",16,"New York Jets",NYJ,"DST31","13","Coach Upside rating–No rating available","Coach Bust rating–No rating available","4 out of 5 stars","-97"